firstname,lastname,email
Gerrard,Bishop,gbishop0@washington.edu
Joell,Van Ross,jvanross1@dailymotion.com
Norbert,Arkow,narkow2@zimbio.com
Jourdain,Faunch,jfaunch3@altervista.org
Loydie,Lichfield,llichfield4@yahoo.com
Karisa,Attenbarrow,kattenbarrow5@tinypic.com
Serene,Hessing,shessing6@wix.com
Reynold,Blitzer,rblitzer7@timesonline.co.uk
Ottilie,Lippo,olippo8@feedburner.com
Damon,Patullo,dpatullo9@weebly.com
Geno,Fleay,gfleaya@uiuc.edu
Norine,Ebdon,nebdonb@goo.gl
Anton,Gelder,agelderc@cnbc.com
Saunder,Vany,svanyd@list-manage.com
Webster,Smooth,wsmoothe@homestead.com
Marina,Rowbottam,mrowbottamf@whitehouse.gov
Budd,Crunden,bcrundeng@imgur.com
Mauricio,McClancy,mmcclancyh@wikispaces.com
Saudra,Vashchenko,svashchenkoi@vk.com
Dennie,Meake,dmeakej@java.com
